run_id,seed,observation_space,environment,architecture,optimizer,step,probe_loss,initial_probe_loss,plasticity_loss,weight_norm,weight_rank,dead_units,feature_rank
mnist_easy_mlp_adam_seed0,0,mnist,easy,mlp,adam,0,0.23700448870658875,0.23700448870658875,0.0,9.452215990191077,88.66666666666667,9.0,96
mnist_easy_mlp_adam_seed0,0,mnist,easy,mlp,adam,500,0.2820758670568466,0.23700448870658875,0.045071378350257874,13.348791222103685,88.66666666666667,33.0,96
mnist_easy_mlp_adam_seed0,0,mnist,easy,mlp,adam,1000,0.285711407661438,0.23700448870658875,0.04870691895484924,16.52070827241872,88.66666666666667,35.0,97
mnist_hard_mlp_adam_seed1,1,mnist,hard,mlp,adam,0,0.2317810356616974,0.2317810356616974,0.0,9.44952176263839,88.66666666666667,6.0,100
mnist_hard_mlp_adam_seed1,1,mnist,hard,mlp,adam,500,0.2887691557407379,0.2317810356616974,0.05698812007904053,13.57390862254714,88.66666666666667,45.0,97
mnist_hard_mlp_adam_seed1,1,mnist,hard,mlp,adam,1000,0.26027099788188934,0.2317810356616974,0.028489962220191956,16.201234756908747,88.66666666666667,46.0,98
mnist_sparse_mlp_adam_seed2,2,mnist,sparse,mlp,adam,0,0.22272807359695435,0.22272807359695435,0.0,9.397130795677176,88.66666666666667,11.0,100
mnist_sparse_mlp_adam_seed2,2,mnist,sparse,mlp,adam,500,0.3208595961332321,0.22272807359695435,0.09813152253627777,12.765137922415848,88.66666666666667,46.0,101
mnist_sparse_mlp_adam_seed2,2,mnist,sparse,mlp,adam,1000,0.3130388408899307,0.22272807359695435,0.09031076729297638,15.417506800830672,88.66666666666667,52.0,102
